Make,Model
ACURA,RDX ADVANC
AUDI,Q3 PRESTIG
AUDI,Q3 PREMIUM
AUDI,Q7 PREMIUM
BMW,428 I
BMW,X5 SDRIVE3
BMW,535 I
BMW,X5 XDRIVE5
BMW,X5 XDRIVE3
BMW,550 I
BMW,428 XI
BMW,X1 XDRIVE2
HONDA,CR-V LX
HONDA,PILOT EXL
HONDA,CR-V EXL
HONDA,CIVIC LX
HONDA,HR-V EXL
HONDA,ACCORD SPO
HONDA,CR-V EX
HONDA,ODYSSEY SE
HONDA,ACCORD EXL
HONDA,CR-V SE
HONDA,ACCORD LX
HONDA,PILOT TOUR
HONDA,ACCORD EX
HONDA,HR-V EX
HONDA,ODYSSEY EX
HONDA,ODYSSEY LX
HONDA,CIVIC EXL
HONDA,HR-V LX
HONDA,ODYSSEY TO
HONDA,CR-V TOURI
HONDA,PILOT EX
HONDA,PILOT LX
LEXUS,ES350
LEXUS,GS200
MAZDA,CX-5 TOURI
MAZDA,CX-5 GT
MERCEDES-BENZ,S CLASS
MERCEDES-BENZ,S MERCEDES
MERCEDES-BENZ,C CLASS
MERCEDES-BENZ,GLC 300 4M
MERCEDES-BENZ,GLE 350 4M
MERCEDES-BENZ,GLE COUPE
MERCEDES-BENZ,E CLASS
MERCEDES-BENZ,GLS 450 4M
MERCEDES-BENZ,GLS 550 4M
NISSAN,JUKE S
NISSAN,MURANO S
NISSAN,ROGUE S
NISSAN,FRONTIER S
NISSAN,QUEST S
NISSAN,370Z
NISSAN,GTR
TOYOTA,SCION
TOYOTA,SIENNA XLE
TOYOTA,4RUNNER SR
TOYOTA,RAV4 LIMIT
TOYOTA,RAV4 LE
TOYOTA,SIENNA LE
TOYOTA,SIENNA SE
TOYOTA,RAV4 XLE
TOYOTA,RAV4 SE
TOYOTA,86 BASE
TOYOTA,TACOMA ACC
VOLKSWAGEN,TIGUAN S
VOLKSWAGEN,TIGUAN COM
VOLKSWAGEN,TIGUAN WOL
